etanolhidratado,ac,Prophet,0.3639138970701581,81.81818181818181,40.72097579530517,0.926323159541247,504.57342698703815,491.77645322878334,500.22524739588175,515.4275309672454,537.2015284303271,548.4588154043068,569.8284243942661,576.6394144909539,540.3874843379197,578.519625246333,513.263523615881,466.14331176567254
etanolhidratado,al,Prophet,0.13934617198397603,36.36363636363637,-3.0376643073035705,0.4335898114363092,5989.356348013408,5571.4940577168145,5462.100967533129,5742.17622147705,5859.322833810534,5856.485895167617,6058.204906652946,6241.937143575462,5968.637712413493,6818.0167791356835,6312.090111820783,5520.459316084803
etanolhidratado,am,Prophet,0.15614832411115762,90.9090909090909,15.864725190988732,0.5871700174100256,12407.222318033022,12090.42365375915,12200.882762562705,12188.757019887958,12307.461489044585,12875.190535341815,12634.0480964298,13074.943036808156,12628.841476958321,13089.513095294675,11392.929283773305,11685.595830623246
etanolhidratado,ap,Prophet,0.3677818178956947,81.81818181818181,44.2647604345982,0.7869749853350279,24.04756064483205,22.706545823415336,24.98173830884099,23.841995684882693,25.088328334208832,25.95453454030076,27.279593270216758,27.946206333342943,26.326417377894224,27.82361222182557,25.156536295326603,22.1904313187777
etanolhidratado,ba,Prophet,0.16734398340886303,54.54545454545455,5.926609013357467,0.5868333277800675,40692.425908197205,37819.87255728246,38530.039109228615,39481.56895093452,39779.197731784996,38906.511745068514,40280.86669305365,42182.77841328822,39777.515267445,45558.926428847204,44073.246540072105,39055.78588048474
etanolhidratado,ce,Prophet,0.20236600752775338,54.54545454545455,22.867975791092828,0.6819396754208179,10604.07765132203,10025.471360414256,10361.85185820087,10528.750539123681,11071.542648345072,10846.967925992356,10805.213447255945,11249.123761680947,10818.848857428517,12439.413321954533,11427.065439945884,10038.781032539524
etanolhidratado,df,Prophet,0.5271499228678336,63.63636363636363,59.3184200720863,0.9759903824974676,7971.360822156064,7318.690440335206,7827.699625132654,7706.637923460697,8028.754920380134,8692.107318617529,8661.89934636122,8954.733803209372,8238.620825343909,9044.171212627702,6151.696326180677,6753.806058097726
etanolhidratado,es,Prophet,0.31908199484257105,63.63636363636363,46.86589500954677,0.7586145791003154,3949.0129604315757,3475.186239809397,3425.2765631682314,3488.326720747315,4027.523391069343,3937.96858779076,4004.691413323271,4321.599655473126,3827.8737801917077,4960.883343196397,4552.205651091742,3793.839974056656
etanolhidratado,go,Prophet,0.1339136332495761,81.81818181818181,0.16156059316014348,0.5989329257069684,118167.46513788737,115470.63670736345,118966.86239642868,118731.46156807004,123734.63584203566,122756.36007087941,124949.26178904399,126585.71078968924,120518.0558054801,129562.12571341054,118352.56766947621,112806.40957476372
etanolhidratado,ma,Prophet,0.24380642191493004,54.54545454545455,-10.55471097530296,0.43307346271597397,4208.843086535821,3838.9867735854536,3856.6061915815185,4074.5686114742966,4563.688289882661,4603.827335189693,4480.133993259784,4902.323217991187,4599.978750182106,5166.543101167248,4720.391442490976,3875.890818849232
etanolhidratado,mg,Prophet,0.21708010757378618,81.81818181818181,-3.4407928456968633,0.572161332769905,169670.9856502447,168440.19011739697,172401.35534310286,173548.68365861746,184630.6083669559,181131.30618983012,181766.80521355922,187228.8386557061,171694.94710387592,202971.78583218227,175355.8450203471,161177.47379191345
etanolhidratado,ms,Prophet,0.301755693889142,81.81818181818181,28.23188450039248,0.7568380742535057,13828.396417055033,13381.48372568433,13297.71713712118,13030.422702742608,14561.743982712187,14125.044954764246,14605.761307856108,15468.49233976964,13851.929241650603,16652.149414958447,14091.094983899766,12680.493378310151
etanolhidratado,mt,Prophet,0.10239770180350755,90.9090909090909,10.048804736194903,0.7035625733915054,73650.11156939121,71189.11414350166,71953.36704167494,71280.81406435173,74757.3996351851,76198.6902069021,75278.62066969708,77136.73061611173,75118.19702431632,79208.94047700142,72608.19538991821,70072.5655832112
etanolhidratado,pa,Prophet,0.25835978815381194,54.54545454545455,30.29240437835778,0.7432914730729347,3478.6219901143027,3213.833853751585,3413.551863241919,3362.6732937194706,3584.1681299336406,3487.581765260779,3632.5696886878536,3735.6878876820674,3530.3764670645696,3979.5687515238706,3490.086153519369,3187.9508870583695
etanolhidratado,pb,Prophet,0.1771164787625857,90.9090909090909,4.001773398156301,0.457809668246342,11899.37823971205,10684.204983435104,10362.053692673915,11063.543030729983,10591.51390255346,10985.267718667832,11271.159495039705,11913.845618926844,11270.596367880047,14003.149309083656,12836.67851217916,10934.141309893534
etanolhidratado,pe,Prophet,0.18461680387253412,72.72727272727273,4.2634826791414895,0.5317301709202374,19948.00597186943,18886.56490258089,19284.028722425304,19374.99432971501,18574.602483284736,18597.680844350118,18673.310259425492,19526.0368199866,18299.195447794413,22270.97478401031,19687.829766000235,18469.31226664186
etanolhidratado,pi,Prophet,0.411778171383278,72.72727272727273,-37.88678427248484,0.9803046696784766,6971.536698158112,6560.852792391142,6851.388021779228,6931.461752844797,7515.435736798702,7570.21046926606,7566.308221748797,7954.414321339866,7456.614495783127,8847.656025456696,7978.824917022673,6474.562003358246
etanolhidratado,pr,Prophet,0.2024666894344477,54.54545454545455,13.029154968960466,0.6665700970950638,72968.1979965483,71295.71569156527,72103.83460365368,71367.88006441045,74928.30609991676,74364.03282625502,74684.21627355985,78600.93927494483,74270.93532368643,86155.87157457734,70232.36532713157,66477.34141086142
etanolhidratado,rj,Prophet,0.22406467979426348,81.81818181818181,26.87914667498294,0.8609983665237368,48282.918181437606,47429.19454674024,47458.59634549555,47650.79583976565,48395.251672238956,48999.7224913628,48952.14173836281,49942.23256606965,48704.329931796594,50966.72715987128,48455.17510858343,47030.951960171675
etanolhidratado,rn,Prophet,0.24259947244399763,63.63636363636363,-17.394708888367514,0.6571975915049053,5689.9156243876705,5229.173800371047,5221.949714394811,5183.062381879812,5406.5581004903615,5549.173207513384,5582.642669053445,5963.09934983443,5634.203479014045,6919.096400289604,6130.970648426605,5361.917307625349
etanolhidratado,ro,Prophet,0.3326609232045789,90.9090909090909,39.51445388211359,0.7697976078044138,716.338018276505,681.6587501200352,729.5248600103015,708.2833286086214,780.9611647473923,789.8665725876201,810.3751943557331,857.036222292285,788.0476946249544,928.7084606575987,732.4782237247222,667.6181894220013
etanolhidratado,rr,Prophet,0.23425858973553604,54.54545454545455,25.631624136624815,0.7700593894699092,222.85722392963584,214.56837641537052,219.8788900636732,227.42390346817896,207.92260221406545,208.63623961121684,219.79910476283138,226.8397892565083,223.81189061632622,251.13953592913344,214.7231626361993,204.35963152354032
etanolhidratado,rs,Prophet,0.4475689274185948,54.54545454545455,53.118034889774556,1.0187241117247605,2621.4325279002796,2478.846803141771,2607.3415744706926,2601.206587381506,2665.20299638811,2679.86136999533,2694.366131115754,2753.311358269592,2673.768397952702,2991.2808897889586,2676.461136719002,2479.2736145737617
etanolhidratado,sc,Prophet,0.4755921040785342,54.54545454545455,57.32807310426923,0.9960472686826665,4524.70023778094,4385.119592559835,4296.168585725667,4293.7329837951775,4607.261620948788,4545.608658542574,4795.951648033733,4991.347856841513,4776.052046444512,5572.1089516656,4979.329220819046,4436.5675241578565
etanolhidratado,se,Prophet,0.1503631855588464,45.45454545454545,8.259023477606274,0.4150420520448207,2903.5161984824535,2561.5806121682726,2621.043812609698,2733.905939073467,2573.791282894556,2704.1138408140837,2875.9035157868093,3223.71190140194,2969.162526369552,3864.7413958824145,3390.4283672971333,2740.8793294866205
etanolhidratado,sp,Prophet,0.09042581120558159,72.72727272727273,2.595103539558431,0.6417579076646514,687271.5202291588,675925.369840058,691423.552360458,680990.8909961944,693907.1569094756,714089.5185442698,713832.122007887,731532.1371691644,689838.7031001584,754827.4226637327,666608.3319495927,649754.741996181
etanolhidratado,to,Prophet,0.21840818834457662,54.54545454545455,23.252005423996454,0.623367051787992,2146.1343672328826,2057.2948799247447,2115.8734141262717,2218.03968928168,2723.1189195971265,2469.886768990345,2441.1396895658168,2496.6986824730016,2323.654505787873,2801.3017149980506,2453.9043111699266,2078.441327250425
gasolinac,ac,Prophet,0.0347511486843261,81.81818181818181,2.608641012783842,0.4193542700216984,12188.47615863154,12034.22641278788,12297.322803531886,12540.482363772218,13282.197435690998,13341.784803243945,13209.373306068912,13145.64017309405,12504.103861128859,13403.427796227674,11680.902731314443,11033.037114486944
gasolinac,al,Prophet,0.057126590979902116,63.63636363636363,5.764851484700683,0.6285721246380539,39306.4728578305,38203.25870393312,37281.375455412104,36779.33233464841,38128.25421209685,39000.030270353025,40217.5581746375,41536.77576953446,39833.853748893926,45317.599860463786,42093.878047399536,37370.68207160889
gasolinac,am,Prophet,0.05252080210171692,72.72727272727273,-3.4623867218899753,0.574852242675641,52901.43123427378,51628.84471225059,53023.65095452691,52688.662336529065,54198.869417210495,56789.547358506796,55135.114497009854,56617.92516418215,52987.101963958274,57245.96522509689,48241.458114420515,47044.21968896195
gasolinac,ap,Prophet,0.037750015103880326,63.63636363636363,-1.3183098292866762,0.8047943360723602,16436.773705530377,16356.691017831172,16547.3658960312,16677.355076689175,16965.16038084357,17694.76639724692,17730.790516288846,17615.949575366554,16884.25474395853,17841.920078907868,15979.63076740655,15522.223469909657
gasolinac,ba,Prophet,0.061220626794398776,63.63636363636363,6.264459322664351,0.6234204244630133,180965.13849076143,174848.7776352524,173090.08212963605,180300.65563404767,180184.81423616342,176678.32424464135,181618.77657560012,185912.6991131519,175811.9430200863,207681.3563517567,196157.4397950797,172321.2918618744
gasolinac,ce,Prophet,0.056908927657554176,81.81818181818181,5.768272387360413,0.6363697653648712,114678.98814397678,112612.51754724854,114316.61702087449,115336.02985857011,124016.16924044715,124389.9587902502,122400.67792169108,127620.80732990119,118261.42980036374,136768.60651999264,122711.44454696619,108001.3175291788
gasolinac,df,Prophet,0.04878153232185287,90.9090909090909,-0.21229376129197625,0.4833388521601339,89427.13228943491,86074.07937584072,87708.18782511499,85942.2999012862,83931.92732729597,87690.5801250119,86412.63059829098,88501.8738078755,85678.18431447548,91235.82532836506,77456.75582241907,79928.24778489998
gasolinac,es,Prophet,0.05937176990182228,72.72727272727273,-5.05015461618965,1.264896424746469,87034.73526225102,85358.69030903517,84701.5896126045,84194.10550174623,86819.03639063098,85965.5547532286,85619.80066305173,88284.69859706251,84402.38911321797,94746.8217764373,91170.80561645306,85234.72201457333
gasolinac,go,Prophet,0.1086661391069052,81.81818181818181,11.243038708749317,0.6944990708514174,118352.90113385124,116748.79656331487,115601.46483683596,112807.14686610216,122063.73516640883,119050.01107323063,118989.45156374921,123371.56763628533,114149.22063971854,138906.76009156308,115745.77199998277,106480.37713475878
gasolinac,ma,Prophet,0.058825750775998865,90.9090909090909,5.974507171430232,0.7046363766152153,81836.48114385194,80229.99217591532,81086.98071916477,82663.27155890471,87994.65483631694,88292.06045644246,87208.46139654392,89197.88313555803,84247.33365817167,93680.87926098373,84790.28136912695,77466.10525158151
gasolinac,mg,Prophet,0.10550675728827358,100.0,10.681087647600442,0.6785902839651133,340711.01675546577,336284.54189127433,341228.6817288758,338417.57178345317,368440.70792896755,355050.29873502074,349336.24619403743,371632.11025854363,331565.01454095845,423900.7998131973,339350.7352126829,305321.7487226234
gasolinac,ms,Prophet,0.06806435873049715,81.81818181818181,3.224790350772999,0.5112736281980638,64016.86093813279,63105.379866339164,61406.13081086945,59321.09864626585,64986.74711850425,65707.62698774728,66023.79761109006,68380.14641356785,61493.003283813385,75380.75189490324,61441.96683333352,57553.14992615386
gasolinac,mt,Prophet,0.048393296070890233,72.72727272727273,0.08614925045439578,0.4316995656247229,55511.37434788949,55148.88311204436,55893.410324523305,54485.78974651202,56479.808769081275,56297.04566822513,56600.62769222891,57346.94157731846,54177.3134098827,60136.45089120981,53073.93857864019,50007.50622545289
gasolinac,pa,Prophet,0.046198374895446155,72.72727272727273,4.622288667824365,0.5854464926875796,106689.97656323182,104726.6348693275,106981.83037232686,110049.65613291824,117577.08432476514,114480.73125806217,114591.41138538935,116622.47858879369,110265.29417018533,119923.61984863349,105659.67482853877,100055.50843595469
gasolinac,pb,Prophet,0.05825375102955785,72.72727272727273,5.957551471730797,0.6204195642870409,58300.197869539974,57123.54623546775,56723.24467835188,58841.978204465944,58576.22994981097,59742.54468249411,60017.602708057624,61770.07355779171,58450.34435243308,65812.58566078078,61074.666687627,54065.717150206285
gasolinac,pe,Prophet,0.05791374419861035,63.63636363636363,5.91282247198429,0.6704380776368081,114413.15500041633,109957.40120682382,109682.4952908732,109688.4913465685,110935.21333011416,114162.3531127942,115066.70377549737,121576.27833776941,114810.2203283773,128762.19707141613,116631.76903222023,106254.88849908792
gasolinac,pi,Prophet,0.13507275254433032,90.9090909090909,13.576672464266752,1.0772985529194716,43158.21439528793,42443.64230173467,43679.079697146575,44259.601688598814,47320.24794762984,46859.18185480943,46636.204782677996,46880.055902036635,44380.063036785476,50940.26924258612,46421.20281058809,40572.36930274232
gasolinac,pr,Prophet,0.05913285334509952,72.72727272727273,5.092613753370865,0.48484887584431474,265549.3671111339,259791.7433046986,256587.0258824859,247949.9572715197,261976.67860243624,264372.67276191205,259437.0086644375,271951.06347199256,256933.75397815657,311300.92367163027,252501.05104846417,236900.9502961286
gasolinac,rj,Prophet,0.1800205789672725,63.63636363636363,18.059021709580186,1.0532337539337664,169706.55409876312,157287.79432496845,154590.7023400623,150143.37093666723,160229.4058621415,163314.1651604201,160201.9805451891,173899.81826756522,160493.11479390837,200419.70832466026,167492.46848582753,152333.39792593266
gasolinac,rn,Prophet,0.08233690140878612,81.81818181818181,8.347376091316107,0.8852090077263325,50632.31688943202,48717.149785811656,49212.92887531758,49271.145044545985,50984.239784385885,52048.47733602433,51306.40334725189,53468.42994724511,50468.912196071426,57667.05959040964,53288.82482767095,47686.11071547197
gasolinac,ro,Prophet,0.04044843704707788,81.81818181818181,3.939701940810543,0.6609089316536846,37171.63447138633,36960.33435690254,37679.817557953385,38272.08757184806,40274.80065173333,40548.08980914882,40099.17190518931,40245.48831606443,37735.21968467083,41149.380723965536,35890.45879729942,34669.2590759995
gasolinac,rr,Prophet,0.05958460741559394,54.54545454545455,-5.098868313707537,1.0754697854251813,16309.999932411096,15793.252502044366,15475.882400985036,15508.413163585145,15711.628508746868,16325.818884228334,16863.638386467414,16703.75023466365,16149.534201587088,17132.383552175976,15400.343280241115,15062.905717864278
gasolinac,rs,Prophet,0.0663637185704256,72.72727272727273,6.781279368640729,0.7275817424627394,300352.43661007687,291080.6971557154,288678.79623500217,284429.2698582337,292256.7874072965,300298.1027448026,292050.83234913344,310248.90751362394,296646.57852690417,338049.39173242054,303429.6573294481,278617.869503034
gasolinac,sc,Prophet,0.03361064143230256,54.54545454545455,2.0175171395915865,0.5358146817788255,255430.26118536366,249414.06804861705,240683.72102535336,240920.836834387,247304.76000018985,248170.08192787482,246900.36778724164,256997.08029087467,251293.84796929604,283606.68158734345,266234.2484887229,250840.47873839037
gasolinac,se,Prophet,0.08386656615560689,72.72727272727273,8.476166941868096,0.7874855325953448,32160.84800650207,31118.136868224825,31069.32519289992,31299.345422375238,30903.01158828181,32084.042558465164,32429.17987739278,33167.10621290529,31542.789414127616,35914.33723791723,33290.598699953094,30167.17070164312
gasolinac,sp,Prophet,0.07790856750806864,72.72727272727273,5.976366946006382,0.5177935768187907,840255.5083463693,801511.6306653537,797794.0249716316,765579.1599375335,765602.8822561874,801020.292902615,779487.7831305735,841790.9055336877,782761.6127656263,940520.3135719977,744793.146816341,707818.314700373
gasolinac,to,Prophet,0.060797999604930035,90.9090909090909,6.216921940945159,0.6180769041814055,32326.64935957107,32145.59645303269,33193.78864973823,33485.93400605634,37468.37950538576,34650.1590648343,34147.293528563445,33907.863452150734,31887.637516107217,36362.81812367042,32836.57859157129,30084.27447521658
gasolinadeaviacao,ac,Prophet,0.5153893498243675,54.54545454545455,-9.132324539040969,0.507305268550583,53.62367532257804,54.032972907609945,58.36273817574445,60.77332649032395,63.798586021492646,89.43958919369122,87.95726733842386,87.21547672454102,53.442273852474756,61.93006326695638,69.46975408342723,41.341720322269836
gasolinadeaviacao,al,Prophet,0.3381083796101371,54.54545454545455,20.44206766276012,0.7504803025746352,12.12717947374052,13.645572539172058,15.055607584256917,18.46961774370614,15.363375354214527,18.08956849468815,18.679986082382918,14.774678841562315,13.142160899843034,15.370615546959224,16.891226295883182,12.315621438115665
gasolinadeaviacao,am,Prophet,2.551145684464382e+16,54.54545454545455,-17.667285103941648,0.6225124853501806,8.065434875159616,7.49460668171608,14.863899737363695,13.548825689348444,13.46399515811605,20.32050789084007,21.953533060694717,20.475900551300743,9.463369672442163,28.345914972657198,7.4504062942100315,8.947111995852064
gasolinadeaviacao,ap,Prophet,4.007770107155372e+16,36.36363636363637,-55.53401183841662,0.7219182979481794,57.80770478145171,46.512908594600816,56.48877033240511,60.27553901423897,51.85243233058857,58.2781015685266,64.05201585474727,65.85933539681686,62.74902652326244,54.695928482140346,56.4424799100145,30.32604237334865
gasolinadeaviacao,ba,Prophet,0.31653611131527015,72.72727272727273,17.609200687498312,0.8223985736729157,130.7704819811909,111.85399660707712,105.89126139748956,104.35392841355218,113.51435957419818,111.2555375710993,119.21615380154294,110.0886784976154,116.35401645688442,141.73108647757076,169.91163969708708,139.5468495370367
gasolinadeaviacao,ce,Prophet,0.2061737457177686,72.72727272727273,15.822406119786228,0.712495709281463,25.305588618984793,27.19681769105207,28.72122015301015,29.194681871319066,36.082140200145275,32.79564897071392,37.12448332862703,32.73986992370465,31.727988357905424,33.408719828793046,25.87582822909411,25.119890349532156
gasolinadeaviacao,df,Prophet,0.2289669242562238,72.72727272727273,22.931963673948108,0.9148754290428869,31.504695583253824,28.974732704292567,33.092487965290836,32.30050110829732,31.963792766479298,31.295340452295253,31.597150106122104,28.15195766774301,25.14840042538738,28.95041679967013,28.602922613823445,26.157407588155337
gasolinadeaviacao,es,Prophet,0.24503158476616785,72.72727272727273,-2.442398539386276,0.6604808937439419,43.634247386644944,42.10803609501113,42.7163756435875,44.55633872791457,40.84098973330263,44.98094643871376,46.16581040865258,43.23893785116908,39.98880897053535,39.42624552390577,43.024995125307214,41.16351700541585
gasolinadeaviacao,go,Prophet,0.17906941451670025,81.81818181818181,-11.582239795375871,0.6533096535877514,337.6579550226288,285.63453105983257,271.67463781165344,267.7634276772153,284.867260053526,282.1512935985425,275.83390843079815,261.45443295683157,265.77983499582507,345.75174457241104,371.3746472631197,318.2253799773598
gasolinadeaviacao,ma,Prophet,0.38853651804389483,63.63636363636363,32.60028985444136,0.8644091855331427,32.92250953790027,29.325885182274057,36.30055119155727,41.29313973818734,48.50266662859892,54.96260609836685,47.95628944667655,47.24522532362623,36.62487730198899,41.90691711444761,41.74201636461239,41.000320740211414
gasolinadeaviacao,mg,Prophet,0.24993769834730273,72.72727272727273,-12.925665366946815,0.8907130444443689,332.2531383952234,324.0089450341162,337.1740098608959,328.01861598597884,342.7751404915683,342.9108188293955,335.5669086367461,284.3275458839098,250.25952209785402,283.3579374458151,312.21462262768335,306.30311188105554
gasolinadeaviacao,ms,Prophet,0.13918405966029482,54.54545454545455,2.5786161268880843,0.8090152297608586,207.9086104027435,193.46102244755997,185.04787782520293,166.3258659044753,182.20806283338436,168.9844046855983,172.3094037377763,194.72072799188442,208.56318748951276,221.9607850845661,230.5172183476642,212.44622986677993
gasolinadeaviacao,mt,Prophet,0.16172750436767458,45.45454545454545,12.916926020033689,0.7165616676963145,403.2573383157018,340.6779373389714,338.7647198793745,314.3953474666035,316.5059264291929,309.6926630829423,334.1880115762442,345.80058160944054,366.9114373590648,439.9953235117993,406.43778943342966,369.4250466509977
gasolinadeaviacao,pa,Prophet,0.3403024935644543,63.63636363636363,-32.48866841154679,0.8061956066509062,286.4524458367216,272.49479551557465,285.98972005363794,319.7687016987239,346.83554713613665,377.28021054321226,377.0776200010699,335.63640615621114,307.8050516557161,336.1447912922937,285.34638783538537,253.69918613104613
gasolinadeaviacao,pb,Prophet,4883668862362238.0,63.63636363636363,-26.472382238342785,0.7089634410604847,10.487843298133408,6.728297226046294,12.38297195794532,11.451510169094345,13.012707877534776,14.987055144771032,14.660701389114486,15.776585365470726,11.241040219456782,10.227955629157996,14.369229918114721,10.482846563923124
gasolinadeaviacao,pe,Prophet,0.5675579711154234,18.181818181818183,-10.893957188739009,0.7817765721202715,33.62807824370325,31.88661589703851,36.05127547465796,30.797308216895825,35.378390903978406,34.150844435009724,36.79449179718454,34.819035492964,33.978199866745896,37.577257114324745,35.68845327626762,31.217773418679293
gasolinadeaviacao,pi,Prophet,1.2811531098528386e+16,72.72727272727273,-29.427786162111786,0.7051629229423547,29.359405967372602,24.158696973288787,30.334135137250247,30.21529696677869,34.81542084580777,38.125819240536984,34.136776335089856,33.871250489164346,32.00432308928996,32.40322319300905,34.23303919710087,30.297905882385198
gasolinadeaviacao,pr,Prophet,0.2421172939056028,63.63636363636363,-17.01192747279357,0.5764418602733783,349.4106657353747,299.67816186698946,284.1653979200377,260.9574798839726,258.39489393430847,270.88949396670563,267.6507375403538,263.36802098217106,283.1612073436109,316.142898490494,308.2890599037301,299.2311699591559
gasolinadeaviacao,rj,Prophet,0.14474683452614534,63.63636363636363,12.392227015935553,0.8165805891498846,97.453563461213,91.22615841217014,90.90319805259718,86.88012264428909,92.47775817168304,91.82635391103103,91.556100280599,90.74425801235812,90.96159385396084,99.66164964462943,100.15692320277407,92.83954222769356
gasolinadeaviacao,rn,Prophet,3.0551001686140906,27.272727272727273,21.83831813893417,0.9117318400628036,7.351073981047907,7.218240820367527,7.328882905659769,7.7073656613377,6.764751929324903,8.907387375494624,9.191037835045856,7.0496837303283115,9.470738078865288,8.016546636213553,7.7522341980115925,6.750003325970468
gasolinadeaviacao,ro,Prophet,0.7578003151575482,36.36363636363637,-20.806942779096985,0.45514689504176487,60.86511877785123,39.359314157975994,51.70859118002155,57.61279792740313,60.7131452618792,65.4901555343985,67.10632240033112,57.04959175843848,56.628046541818485,64.57054263031559,43.95647339228645,22.944717296073136
gasolinadeaviacao,rr,Prophet,2.604228756789091,63.63636363636363,-220.68425715711948,1.2051974178527207,320.01678123252026,276.05418817837,268.59529484870404,267.2852612691918,290.22181259355995,300.20414695450955,299.5576534819643,297.5040010218188,278.7772641963904,300.0979878047562,306.79008110603957,274.83281227837233
gasolinadeaviacao,rs,Prophet,0.31451654501464604,63.63636363636363,11.57784160024066,0.7008110622712265,188.4270808685223,123.1490894345749,126.26442907419948,106.77484406953616,116.42802261278857,141.63065575749943,187.11005421192166,243.63019378376168,287.0995874359242,379.8401819774749,415.9126328157977,259.2204674347173
gasolinadeaviacao,sc,Prophet,0.18086686166217159,54.54545454545455,-0.7639285238974548,0.6470916459413735,163.17245331174038,153.2392982366071,143.71852947686116,136.30105728975457,125.72768792008029,135.28574492298137,143.47212959238718,150.43083836802776,156.74796863623385,168.91850419669757,176.43696841041105,160.33580808264048
gasolinadeaviacao,se,Prophet,4188976317665452.5,18.181818181818183,16.58618691194809,0.8833586763798775,2.025566185066548,3.04481294511459,2.357003438203501,1.2766234552192892,2.196064733861397,0.8742012497390175,1.6915067257228886,3.7699727140217485,2.532912161650836,1.9107741801839673,3.6216205235623478,1.7066660893033172
gasolinadeaviacao,sp,Prophet,0.1600267739608822,72.72727272727273,16.846377088247973,0.9259503053671292,619.8677787202362,539.0248049562708,525.4898251249341,498.2808785423215,486.03010627769845,528.8295073588444,498.7920904072255,496.5465409419727,496.51048752491505,531.329570080106,530.5940152460619,519.5486025938699
gasolinadeaviacao,to,Prophet,0.3264359129753728,81.81818181818181,-8.433394760655705,0.6920135298957655,133.4357101550815,95.27608460181179,105.13331998523662,135.9072859936026,142.13068950888498,149.08344463966552,142.66203509975838,118.63918586999102,129.81246490883134,177.001072677959,165.12325151113154,136.25853270243564
glp,ac,Prophet,0.03511143939373732,81.81818181818181,1.426103175209756,0.7518177226719693,3243.2515012639715,3176.320288217439,3216.1262571782518,3130.029960805295,3188.358145530717,3141.315254948681,3070.2628274537446,3165.6173178365343,3150.2412681069272,3288.420459744891,3080.3832296675205,3072.523063530642
glp,al,Prophet,0.04804979051340858,81.81818181818181,4.475834830414493,0.9253987408011979,14705.350422913476,14200.374549081635,14793.286759085651,14771.21349816462,15505.725361400793,15512.52977759316,15120.938901748355,15319.184837321622,14771.262343861692,15517.05195734222,14566.657747870611,13746.452509472969
glp,am,Prophet,0.03406831652481935,72.72727272727273,0.5733030919765887,0.7746285201637079,15432.218295415365,14863.812225642798,15216.798487042512,14712.17148532077,15122.263735829245,15067.448987968464,14618.623349201185,14900.622213119366,14831.730662320937,15388.905007653015,14651.424116710969,14325.16228691894
glp,ap,Prophet,0.02940683187039575,63.63636363636363,-1.040998778914001,1.2060508077921894,2849.2813536843596,2747.095451760467,2810.788587917084,2719.064108974631,2743.3103184244087,2739.7373911227955,2663.1535617727577,2739.520914390307,2647.1899490048636,2890.476889664403,2612.748328825146,2605.185115834319
glp,ba,Prophet,0.08281867349097749,72.72727272727273,-7.527090988281778,1.1438859803856305,76967.14421455996,74126.09685483437,78781.49941962946,80390.71168435462,83722.86218877704,83533.96896414855,79359.30443014341,79340.15141029152,75808.07397558389,80296.89100172432,73909.43391437353,69255.50842218785
glp,ce,Prophet,0.026845133633777985,81.81818181818181,1.868702161615102,0.9244296188074751,43176.41520931163,42615.57001326804,43659.57110814311,43621.781535978196,44346.856520011046,44383.1870910254,43196.972252333595,43493.748792014325,42363.63801512236,44446.38681852652,42278.307019701155,40423.13195481754
glp,df,Prophet,0.02640573043221626,81.81818181818181,0.1392485539990669,0.6283823024334372,14622.340235026966,14351.2377051953,14533.46368057638,14725.442752947021,14978.417708262634,15007.165179694464,14242.45625948357,14336.14426166693,14071.956661369311,14869.197778961929,13243.199618859175,13336.798581810306
glp,es,Prophet,0.04360665657085444,63.63636363636363,-2.6405970896137894,0.9929230279764651,22845.517396223226,22408.470987528537,23794.96294240507,23590.44014579862,24366.55826389367,24375.57606148156,23323.457780843473,23542.73132223345,22597.36810210699,23811.355653761435,22117.85621515579,21124.167868572527
glp,go,Prophet,0.023440846137332477,81.81818181818181,0.803989522831456,0.8306794826451961,49578.25878749809,47547.35799262602,48986.14598883633,48358.64789472012,49512.43330088749,49422.93691359615,46519.07806514511,47686.80474731647,47268.15553075113,49536.795693669934,47491.67061176722,45555.017828018994
glp,ma,Prophet,0.03735903355113888,63.63636363636363,3.3055371835459217,0.6504410333206544,27023.58467860252,26380.041802321328,26642.17561996773,26113.16601361978,26763.741502900037,26723.649296336447,25868.71701424754,26211.980472450985,25706.497089959455,27059.81130542934,25731.26078424972,24785.502300804306
glp,mg,Prophet,0.13302551854689987,63.63636363636363,12.188106966253255,1.2661501975689622,105007.67464615876,101510.1014460138,106348.90749563278,107772.05401313613,111144.63570950595,110153.6791033278,103113.25079146883,103878.57169331609,101627.3387205703,105728.71999431003,98025.52188856594,95011.84202374307
glp,ms,Prophet,0.03520105842850002,63.63636363636363,-2.620976183635402,0.9087396361503849,15542.018050763341,14931.700805171713,15565.356376571242,15981.911651572416,16336.546565346525,16113.488793098813,15071.563657413137,15249.820814270513,14648.498758919624,15281.639777635726,14285.663812167737,14001.302930014437
glp,mt,Prophet,0.035428353703655234,72.72727272727273,-1.1064857386348537,1.1283795988409608,21241.543932067416,20166.70850270268,20390.097926780465,20289.553678420525,21128.9561825595,20711.6131481134,19785.220801691245,20290.038457326944,19758.17782186753,20370.340126302992,19727.738077857794,19419.97742803597
glp,pa,Prophet,0.03020953925114662,90.9090909090909,2.449384894915825,0.7999682927143412,34195.80375267257,33188.24517082251,33736.15545917667,33092.3462074596,33085.03361793493,33405.394667418106,32442.0144865553,33691.84283585614,32397.753245549724,34491.52135600906,32437.00191957142,31554.53575448932
glp,pb,Prophet,0.0393175516910193,81.81818181818181,3.9932612030414996,0.8206690945243889,20577.15038982802,19895.467115910924,20588.570969753262,20801.109881318876,21627.397870944522,21518.067306892917,20935.324637544636,20862.515140688593,20218.754535235614,21292.535070768095,19843.936184336686,18952.140298611906
glp,pe,Prophet,0.028867865759713184,90.9090909090909,2.2446238240190026,0.9717137347686903,45129.57991348784,43381.86176389322,45349.41842554157,45438.00519259769,47999.08964105746,48043.08031647143,45994.64885864221,46341.03711129243,44192.10060298554,47355.05813845125,42391.62228345679,40819.13106990421
glp,pi,Prophet,0.05927138601352657,63.63636363636363,5.946173357299042,0.8247976600895705,14645.691701672182,14326.122573504137,14539.52527774654,14434.621107642355,14584.94541690275,14639.813324386101,14063.181135074134,14220.636259724633,13755.238126345377,14648.736496576654,14049.817601894163,13175.833818724012
glp,pr,Prophet,0.030171909958632576,63.63636363636363,2.0053321939735675,0.8381518035588301,82740.09689416453,80699.13417695789,87264.1388525735,89830.45988769845,91639.11827450464,90058.76515754683,84817.1956729364,85230.79449402771,81094.57097973688,81373.56971457873,75092.6325031831,73652.20401948776
glp,rj,Prophet,0.06682211978011761,100.0,-6.6880094917007415,0.9134992623689145,80562.1413566462,79275.88103115345,84713.14213485073,85956.20260235111,88825.23452672275,88722.02446828852,84386.55240621993,85081.4914843195,81345.35479012238,87195.79567545177,74644.32969236845,72846.48379985418
glp,rn,Prophet,0.023790082855186283,72.72727272727273,1.2491237546155025,1.1630262914120109,17095.690944584094,16580.858053321837,17078.40352500338,17055.447614510675,17746.01037811057,17644.893421693087,17277.616368268322,17303.027917974294,16864.25045303622,17630.749820327113,16681.68868259471,15883.248261614483
glp,ro,Prophet,0.029513988626898663,54.54545454545455,-1.0839819299654518,0.936080677535756,8021.0765991834105,7605.2870450924875,7787.059616319837,7654.030052913473,7798.518163901945,7771.14765650875,7468.795772372067,7618.938071980892,7555.547796695004,8054.099221793317,7264.364602104696,7307.310727275183
glp,rr,Prophet,0.018484394847721696,81.81818181818181,-0.8918080739669807,0.5643073439293133,2522.065043946258,2462.443808885,2524.173733032174,2491.6022337646964,2559.5403752056436,2520.315284848274,2446.681731448257,2471.9068810995973,2429.968260587842,2544.1698117144783,2390.2476694908455,2384.8877821153055
glp,rs,Prophet,0.028296755719425647,63.63636363636363,-0.3038039376778216,0.689086135726024,66393.47562720352,65294.14848331708,71115.09749492111,74647.17051564888,76477.76868986161,74963.69036043361,69781.41976916806,69210.86331254512,65014.205153500654,64051.22115668976,58219.30898370394,56040.80170188477
glp,sc,Prophet,0.05323057935522534,72.72727272727273,3.848575437641032,1.0208743200581776,46151.75234220742,44924.56305251493,47521.67111398695,48748.585155955036,50073.950339276664,49316.716582153014,46875.28337472961,47297.85537190941,45029.89024156756,44956.85875804295,42670.42576880357,41400.09545479783
glp,se,Prophet,0.06782251917520621,90.9090909090909,6.819482351642611,0.7051949139712682,10948.030210405674,10486.828446398182,11174.606466130914,11315.560929364297,12030.776432525545,12063.794254985594,11453.86058763425,11601.001804370475,11027.609667656214,11610.412643146765,10407.468615437572,9699.776675474164
glp,sp,Prophet,0.028094204996983212,90.9090909090909,-0.880066841730894,0.6633494769410687,267236.74261249386,259619.05612257324,272860.94465338154,280773.3077145785,287303.31566658383,287740.4828434791,272924.2558553462,274887.4312349409,264343.1457355281,267365.72063017025,245565.5949110395,242489.24856609726
glp,to,Prophet,0.040770688991019384,72.72727272727273,2.9250129750016214,0.7879573463828646,7370.223988019772,7150.373507023167,7133.093179805487,7062.618355574538,7179.783938186963,7234.750259287081,7010.8126579282725,7164.442209204242,7055.600578873939,7363.748692151984,7109.4759735343,6888.3433220657635
oleocombustivel,ac,Prophet,0.0,0.0,0.0,nan,0.0,0.0,0.0,0.0,0.0,0.0,0.0,0.0,0.0,0.0,0.0,0.0
oleocombustivel,al,Prophet,0.6123314621332664,36.36363636363637,3.5805004796771343,0.9109739514350537,54.54864597563069,49.05587962040932,46.82467298078095,42.644868951882316,51.16598350087206,49.64252626071458,50.95480782768126,55.22371468765692,48.4237183243316,46.643111140197504,45.07505931170447,40.03991758148929
oleocombustivel,am,Prophet,1.5637350356294386,72.72727272727273,125.97766883565593,0.324463575186599,-133.83353258176112,-156.29058614290227,-158.3627772311812,-295.00428259443913,195.26555036090014,97.75844672980475,201.737005696216,92.23042789900188,90.4067114711396,106.19893235384023,5.765136897395223,-435.4828111717401
oleocombustivel,ap,Prophet,0.0,0.0,0.0,nan,0.0,0.0,0.0,0.0,0.0,0.0,0.0,0.0,0.0,0.0,0.0,0.0
oleocombustivel,ba,Prophet,0.1762158681507132,45.45454545454545,10.348640718726415,0.2779138101364404,14132.308006596213,11317.595481729557,9816.561822008169,12410.010482208765,13093.723140077374,15971.300751303614,13936.231732013159,16406.782690252112,13965.033979485854,13100.986754703976,12836.173237719984,9843.877944642141
oleocombustivel,ce,Prophet,18.62402250903612,54.54545454545455,-1835.8719565700842,0.46100227704802255,1774.7976602950926,914.5741749600636,1268.519063509154,1512.833369389405,1326.2389638366003,1514.4903718522162,1932.3484009265737,3502.170141850913,3411.3546431092755,2610.2693623462446,1981.6333672233714,861.3677590483592
oleocombustivel,df,Prophet,0.5482195070721114,36.36363636363637,-20.700807459310088,0.6805880793152346,43.13357422715868,42.71690960037297,38.73302669567155,45.16199597971941,40.70874069573806,39.43170251694404,44.098337846194525,46.15188602683483,41.92938617462882,40.549733783560924,37.68777565433912,27.083170295307422
oleocombustivel,es,Prophet,3.134935544999609e+18,45.45454545454545,-608.4417472943196,0.6364752241978971,9242.582254153285,5159.876146413157,7814.0084330669315,6308.026154421312,6716.391323961894,8353.14629465851,6967.806398554192,10209.876127563495,8588.881979143547,6838.211092821066,8005.214417050569,3709.066190234401
oleocombustivel,go,Prophet,0.1665224173127372,27.272727272727273,6.36202393800086,0.7710178811229247,4339.733761702483,4113.580252993078,4181.151910724905,3994.151872656239,4417.1780491975505,4708.117793363617,4642.884821924653,4710.660818617862,4258.89285968375,4289.985743267129,4312.510669461586,3564.9913570424123
oleocombustivel,ma,Prophet,0.45009137197413124,72.72727272727273,-43.05756294121978,0.7834705995125448,46986.85409823597,35860.911889196315,42182.937662559445,43630.93024780208,48994.62536772096,43627.66739660803,45921.13734280408,51225.32372039919,52227.04689733389,50329.4731223682,49765.82887064366,36260.90444827266
oleocombustivel,mg,Prophet,0.10866144179672937,63.63636363636363,0.9698887672335841,0.3890041990068354,10326.352865065393,9467.937140206268,10639.879898755404,10934.485527774443,11115.194058589625,12140.509324767725,10875.597077579523,10429.547408211245,9588.729298574386,9439.852369616256,9445.941068005186,8223.525756077437
oleocombustivel,ms,Prophet,1.3028757292002206e+17,45.45454545454545,-6.915043733506071,0.48817923322613943,426.38899938067976,392.9572079047724,283.7001230103101,465.5340025860254,289.7977512632397,406.78848876968743,392.7983130167532,306.21505398130563,397.59863833866586,347.15583186801007,337.13003462152585,270.3866796996197
oleocombustivel,mt,Prophet,6.570434613450612e+16,63.63636363636363,-49.484028673184135,0.8284110183838613,37.40740721594748,40.61621826101284,31.068002841829696,37.56017068754877,38.35072053047216,32.78509947178628,35.03283411721792,29.63490905914001,30.756700775457194,26.69590994482306,21.79564949365695,29.031185309656905
oleocombustivel,pa,Prophet,0.06840522162714112,54.54545454545455,-5.431169694580794,0.5333558375554075,66434.16224824968,66781.76258554499,62893.29846822608,63367.54059228972,66025.26110598743,66252.41244595475,63490.49593997987,65476.7356983805,64398.18900153139,67166.368553853,63528.100924849816,60713.53336557426
oleocombustivel,pb,Prophet,3.866130945042625e+19,18.181818181818183,-2846.674580369398,1.0155102413170236,15307.878492673939,14602.79391502808,14992.354489443522,9592.391037861486,8977.721596791776,12233.38729462255,17729.65114046394,16936.83722741004,16595.314927946383,16534.039814311072,22447.412908177037,9578.24422676602
oleocombustivel,pe,Prophet,85.22439035754621,63.63636363636363,-3599.959117008162,0.7305580574992254,16187.343249753087,7443.4027418566775,8523.300177383666,12864.841716846495,14627.713070804035,17998.044902026362,25552.431887214338,27369.81231848579,21234.44113882072,21152.86208623058,19353.603808057276,9416.008939320323
oleocombustivel,pi,Prophet,1.3463519149644968e+16,54.54545454545455,-0.7277975572485811,1.5017783082135385,5.8041274219187375,7.3340565042243755,8.009686674869158,9.086999867915004,10.69154532266837,11.688862355958724,10.340611068616067,9.578627925096377,10.55243141936765,9.860285975392943,9.47071221830168,5.74356226264444
oleocombustivel,pr,Prophet,0.12212409583810759,63.63636363636363,-11.027501040294652,0.5641072232316702,13386.165127083637,13437.29264540484,13135.227357578862,13172.443440933515,13623.292068573017,13120.104194108108,12799.169838889828,13178.054252974161,12480.055669307958,11777.462463089263,11875.176133365367,11287.184489675994
oleocombustivel,rj,Prophet,1.8111537516047715e+17,45.45454545454545,81.93797063143494,1.128682764753823,451.24170624846204,190.96608987924162,446.4859943749788,332.1172262510888,521.1002592946364,482.5883030802837,215.89603787412193,428.37286707867634,303.698464163144,405.3517954592471,301.6558390288602,175.04943969390484
oleocombustivel,rn,Prophet,0.0,0.0,0.0,nan,0.0,0.0,0.0,0.0,0.0,0.0,0.0,0.0,0.0,0.0,0.0,0.0
oleocombustivel,ro,Prophet,0.5,0.0,100.0,1.0,0.0,0.0,0.0,0.0,0.0,0.0,0.0,0.0,0.0,0.0,0.0,0.0
oleocombustivel,rr,Prophet,5582113514714248.0,0.0,-1.2468159960317229e+23,1.013888089997058,3.313564383033788,2.509203431427837,0.5198899189427642,-0.1264023435315984,-0.6170550225588809,-0.4593317938793249,1.0660108511129374,1.270319404932226,1.5142864338070297,0.8923217120615035,1.4882393924508417,1.0971135925181064
oleocombustivel,rs,Prophet,0.5399717043028183,63.63636363636363,62.024407517844224,1.1203047630032674,2964.651491241503,3457.2182411579165,4022.9715327771914,3872.4888097474604,3896.4489312221867,4304.918715080963,3918.169220141896,3674.427008017941,3578.0114546416353,2804.526786097137,2825.6782770875748,2288.286039592532
oleocombustivel,sc,Prophet,0.23145674094188626,45.45454545454545,-18.37695147287843,0.7053035940142214,3305.3407595933704,3207.7724381170583,3431.711018579799,3511.417885849003,3669.7787981207985,3400.4689779722503,3189.798286421718,3323.4610529444467,3080.6159096063157,2545.153916773407,2929.333577309517,2591.5868664684476
oleocombustivel,se,Prophet,1143217900371792.2,36.36363636363637,54.19350483869459,0.5160784965202116,7.451058054804982,3.0461444043753403,0.14207374359450853,2.432801903234651,14.292227479678935,14.001245826039787,15.818490527383787,15.768163694255318,11.396410736711385,18.053616163715095,15.188791479874464,1.982250955403412
oleocombustivel,sp,Prophet,0.3124850071575482,63.63636363636363,-21.710222906108232,0.6310750783458534,9361.268740919984,8305.24046729647,8940.156169239519,9779.187448862243,10146.951637621358,10652.325332470282,10362.65126159719,10656.512192266546,10048.233939643877,9920.801811961628,9355.10593206493,8019.366919902199
oleocombustivel,to,Prophet,1.1632724656857054e+17,0.0,-3.099580500760194e+24,0.8404502442408335,30.514598120960237,15.081347654026576,21.253210477367496,26.867035162291078,44.31921550322491,40.21190360705395,29.00688663702769,18.082174420137072,20.415016714324018,12.527289265206043,31.749707654197,19.929664860203275
oleodiesel,ac,Prophet,0.06670861495852975,72.72727272727273,-0.9502854449345755,1.1472971336160778,12903.435367431266,12424.032717907678,13180.476097748962,13357.548412974902,14171.665116761455,14479.188837051923,14603.793306300073,14826.33109097098,13582.606271682871,13341.437154028383,13868.688484713057,12312.063982810761
oleodiesel,al,Prophet,0.08100725908257178,72.72727272727273,8.356004785288745,1.027975735978734,32568.339850331453,28435.051150491865,27178.108815410145,26618.33163122455,27458.868295284323,28540.792915173064,31455.397132061586,36712.37554043534,37486.749812139606,38797.15794389363,36953.278042725266,33063.73753700067
oleodiesel,am,Prophet,0.15033534241784227,63.63636363636363,-9.745613659090113,0.890214410497128,82554.87742234096,82831.9641356513,83696.24205941206,84196.41261651964,86553.12490971512,88128.63803017636,87170.09766127815,88707.1539973019,84219.22961645103,84827.8212575002,81321.67377588163,78941.84659470878
oleodiesel,ap,Prophet,0.10614282024590273,81.81818181818181,-10.32822733459058,0.767147235508169,8778.116286865328,8710.954265779448,8659.801018127964,8952.983080617676,9145.855423121226,9577.554606595366,9425.005345135081,9946.26309633324,10022.652448555327,9833.461233200458,8975.47172301375,8387.038624127179
oleodiesel,ba,Prophet,0.06782397287844028,90.9090909090909,6.047408523647823,0.9008288657842267,278075.93430485344,275219.44819373917,277975.54097843345,272573.1751169844,283855.83057387604,289294.8910552036,286177.10985452373,290489.9526164622,278824.8165957313,278325.8213945699,263414.5895266505,250957.55118118908
oleodiesel,ce,Prophet,0.06604462956996436,90.9090909090909,5.40559353777842,0.8960747425874369,87368.79352565893,83733.33053122192,87612.7023652625,89430.20978003976,94304.58406965161,96368.27304204795,95217.45934394162,97590.97244593842,94255.30394727351,97182.16511501335,92255.61287323588,84201.08673982376
oleodiesel,df,Prophet,0.027956257220249744,72.72727272727273,-0.03477673987436102,0.9238543130522877,32728.777950663636,31963.232823697694,33144.26767360503,32211.594351262345,33262.11760627183,34183.66691496838,33762.832395382204,34689.86168059776,32209.2921350466,32336.618643144142,29407.37426616356,29214.95788547829
oleodiesel,es,Prophet,0.034973321957592465,63.63636363636363,1.3370608307424894,0.7152987389312951,111469.74864019155,107755.0657026712,111208.1048565056,110938.17316000864,112842.04758190297,115865.6407313999,111940.18225108754,114087.21036118393,107506.94743471559,109546.81400026739,108637.98682683273,103636.2599811263
oleodiesel,go,Prophet,0.046602187451121234,100.0,2.932306419712839,0.7404274908437487,288098.9518465548,274216.0182063272,280255.4954680124,287768.86369908694,308954.29967829195,312376.01017345616,308019.79840430286,321869.75583242613,287775.5479381901,251918.5941549132,236698.50100406515,255854.98017368012
oleodiesel,ma,Prophet,0.06912562406509871,90.9090909090909,5.517313515090744,0.8061482436341443,127588.58004443297,123790.73983265473,126469.85911384858,131173.78990799095,139567.45504394296,141187.16303831915,139246.52446020275,143201.46114582795,138966.6506715908,140483.4176681506,128412.86821117961,117420.9425171319
oleodiesel,mg,Prophet,0.058472225272280264,100.0,5.288463900916892,0.8211144252004532,644790.061147805,628693.9914125443,656613.4564920233,654272.6728628058,681266.8557292889,701690.4491950106,683786.7934967253,699098.4017222055,644592.1296049656,610760.2315978655,576266.1082340389,570660.09731647
oleodiesel,ms,Prophet,0.07065257926830686,63.63636363636363,2.862434070858181,0.8122146185172467,179298.8153987148,156774.02384902738,152366.0520248021,159801.8109744137,176750.9196277743,186675.33136688842,178409.81396632385,182842.07399050234,163095.9763428623,140574.19523828488,136937.9877992593,154917.43926515058
oleodiesel,mt,Prophet,0.10474838954712369,63.63636363636363,4.590185617633534,1.0515860843624216,341081.5665582652,291450.3612830236,290521.6395947083,328443.5490309102,352229.4837502507,344988.89061151526,339395.57076302374,352545.75073936535,303576.1644124058,258470.21124628163,271394.4168589023,314820.446398171
oleodiesel,pa,Prophet,0.03880353142192865,72.72727272727273,1.4731403603178779,0.7374637765748827,236723.14593403117,233154.4390670581,239870.69984901027,247569.47683489363,256138.66403995408,258159.48365044562,255413.35951735833,259090.0170360112,250986.7456407687,246969.84675107643,235591.3064248223,227127.72999928976
oleodiesel,pb,Prophet,0.08778709008193736,81.81818181818181,8.79134206311786,1.0368803090075167,35906.82170497497,33447.564835298544,34175.63792805511,33793.15051949139,35618.21858809686,37440.67238889995,38321.53730302377,40002.246538892716,38762.42327220184,39988.62460402532,37343.63049484066,33853.32101454514
oleodiesel,pe,Prophet,0.06831176304228898,90.9090909090909,-4.918059632349475,0.9021196507216261,135366.62710762382,123274.62454513295,127847.9126309197,124734.2219754542,128164.82934582172,134331.16811917242,142185.79732605844,154238.1531464802,150013.27344500442,152677.09420945408,141826.70768432712,126154.17423546067
oleodiesel,pi,Prophet,0.06130734460573332,72.72727272727273,5.845224329071609,0.7004080297054093,48798.846177916246,48551.573026898484,50264.80612584262,51217.629700640195,54345.97832646617,54305.76905646713,53311.51261901311,54660.62156711689,53120.11644256869,54479.18450535093,49298.10217065156,44808.93056729099
oleodiesel,pr,Prophet,0.05438774170407413,54.54545454545455,2.9468655732734836,0.89125376351017,575248.0027998768,527418.7610725984,519905.78313923086,520027.08492530364,541826.4778647085,564945.813832799,544564.9145340127,552108.4369968281,515255.10468731454,484046.2864027192,472857.0440464231,497060.10418055585
oleodiesel,rj,Prophet,0.12002510394890598,81.81818181818181,12.149402364984589,1.00600279635175,202886.92409359917,194277.81913655743,203984.7700665401,200144.01277584175,206039.91197170445,211379.54968351926,204803.38645358442,211571.75996133452,199591.36505497922,207779.0444516236,195141.0848060105,185055.75697331422
oleodiesel,rn,Prophet,0.04016651516619176,81.81818181818181,-0.7726237141184475,0.7297040786084166,39228.97682544331,36342.233075582546,37524.32574674179,37543.033859966585,39204.72108607768,40411.87721170971,40818.43929324036,43155.90430946938,42184.028723501324,43662.64421110005,41538.62586244494,36834.089547595766
oleodiesel,ro,Prophet,0.1771782442929718,54.54545454545455,-17.489949032913295,1.30945992134927,85352.19441721846,79635.81393590204,85759.21552093189,94417.51914928167,104052.87979504021,100768.54002522708,97615.76213164513,105756.13523205696,97962.42006592905,90727.54841431428,72260.57189112264,71831.41002378572
oleodiesel,rr,Prophet,0.7448100573178055,54.54545454545455,-73.09115585857107,1.2395760933580522,42380.74862467033,37154.296264464305,31377.696350883154,25822.18251408746,25403.580254543085,29926.958748261815,35607.074337788836,36634.859768649745,36041.27126462121,39239.466643239146,35297.35529448977,33261.894166585924
oleodiesel,rs,Prophet,0.05264767992387539,90.9090909090909,-0.5002376025813968,0.8085970085634372,369509.42130242946,364848.14629284793,329460.61982507847,307472.1477166432,307049.87191021245,335382.52878610825,328326.81128789287,363065.1369683181,355589.91412349866,315508.48519649584,294117.1219564958,289135.1928539082
oleodiesel,sc,Prophet,0.03702388017282113,45.45454545454545,0.6987440036914924,0.8304490266412227,263790.62257619615,254405.59480968025,253733.71449103465,249458.16362833057,253809.6442850232,260257.5648338432,253836.53766582717,258325.04298275587,252786.83689794043,244678.88069195705,241419.1437932849,240732.48598889416
oleodiesel,se,Prophet,0.044946208891693325,72.72727272727273,3.490353445024451,0.6300091773437289,31683.69613430715,29111.746492467966,30420.88712077673,27709.253646268215,27855.213761552448,30251.4654142389,30873.06501075623,32548.56776610782,31970.436584307587,33480.59355978212,30965.643255238265,27629.23776026864
oleodiesel,sp,Prophet,0.06307684810994506,72.72727272727273,6.214871110811354,0.9058855447932431,1061594.8055762993,1034044.2707545877,1091353.2463521794,1104386.19021933,1139125.1978984121,1181305.8662161853,1135978.4818160378,1165936.5114990834,1078938.4542555949,1001168.8361389728,922697.6968258272,922502.1011985037
oleodiesel,to,Prophet,0.0514739336710143,81.81818181818181,-3.186766975053517,1.103695932837041,108034.66189193589,104257.94026548337,107572.18938851087,109076.04434977644,113608.07339334817,114515.0102188689,112923.99103601117,116667.66136959482,112283.9744601327,107555.6464973529,98669.10935103818,97438.53089845978
querosenedeaviacao,ac,Prophet,0.05813786343195806,63.63636363636363,0.5468979159459884,0.352968375564267,777.6687828997347,705.6226305225387,697.571755208205,676.2622903000121,719.2174543986229,710.7571023857655,679.4813878094047,758.0952147374085,756.0355796868014,800.9340008556892,775.7640687578934,690.753115126942
querosenedeaviacao,al,Prophet,0.1855606373136333,81.81818181818181,-15.219857138330156,0.9164361150197605,4876.458940740771,4308.748795104145,4142.263063885477,4089.156688092173,5309.169903854272,4766.756655419225,4646.859975555982,4956.063304834499,4860.495397114934,5898.600894788662,6478.872633026862,5037.297521904609
querosenedeaviacao,am,Prophet,0.4443838838927237,72.72727272727273,-44.22249534631697,0.8461585391457734,9640.33627418246,8440.752280129302,9080.208871799045,8952.342669667634,9900.64390882594,9852.368866345056,9528.142459541074,10525.307685571619,10573.59776562339,10773.731912385447,9601.671392307093,8209.01756722669
querosenedeaviacao,ap,Prophet,0.11477536377197518,72.72727272727273,7.369318090450489,0.48841958022328846,352.54018157512144,350.13061355153644,355.91117169683145,332.62438980871167,391.41167038799443,360.16272416387517,327.0871969109688,358.3627880013534,348.56150038604704,407.5819854822971,372.12003237488074,326.8411078398612
querosenedeaviacao,ba,Prophet,0.28214856452345505,81.81818181818181,27.97606423681999,1.4787993116979516,13271.363297406633,9823.362463821213,9300.867512937839,9497.09336260294,14398.1289460682,11532.265883230797,10220.096084503008,12344.36705861191,11372.748452094918,16325.807629570281,19336.679186736044,12183.151402525247
querosenedeaviacao,ce,Prophet,0.13936947180297246,90.9090909090909,11.132357768784297,0.6926310304085332,13670.94390441016,10700.45301707372,10896.650614215683,12410.502820869035,18005.407692069108,14489.589260508359,13243.811743988368,14780.679064473483,14285.026545835084,18020.695639323934,19598.484341862764,12513.69309502056
querosenedeaviacao,df,Prophet,0.18418835888390186,90.9090909090909,18.44136478736425,1.0123827102659673,23795.0072759049,22062.153678152456,25365.849514194848,24530.24452894045,27554.86809007453,26527.893914792956,24666.831838046666,25742.549053624596,22466.20353595444,25651.396306270388,24309.666172941324,18431.23782296938
querosenedeaviacao,es,Prophet,0.2272302017013367,54.54545454545455,22.804943255980078,1.1412121863641644,2072.1999404694075,1890.7593552855342,2020.3161304479465,1968.5425356527226,2172.8187162384424,2115.8845059791392,2048.151253525344,2138.358626837041,2136.3454496455183,2315.2037986427595,2272.515758399162,1755.2544439685735
querosenedeaviacao,go,Prophet,0.14888289938115667,81.81818181818181,-14.452415530020273,0.5282646243488414,5379.146292865641,4974.943809042361,5910.219844597781,5951.499427203369,7104.190698318912,6601.877112446055,6175.425485740696,5836.011449059937,5206.17332566285,5401.51000385206,5254.818467353448,4563.802073136735
querosenedeaviacao,ma,Prophet,0.07681894332885943,81.81818181818181,7.477548075415213,0.4150365261090541,2109.217360149433,1965.7047310092066,2005.3873803985496,1982.7416197543475,2415.3531934038106,2181.3963291879872,1974.2378744809432,2186.9616054980106,2105.943203266154,2377.926115753367,2380.7362879244524,1782.1688267118707
querosenedeaviacao,mg,Prophet,0.24549094166395757,54.54545454545455,-19.563611351837075,0.5234669005604671,15014.643670886844,13906.748717864215,15230.316812532548,15710.319550614608,17787.09904409661,16423.20019595019,15658.71428252523,15088.983331376137,13811.379141865102,15800.500153739275,15621.696102079966,11532.601903105857
querosenedeaviacao,ms,Prophet,0.21362486878183062,72.72727272727273,20.51931118498723,1.1494209878772532,1476.1159468654942,1342.764366507813,1572.5745934175852,1444.4971926774576,1529.0983210100778,1693.3461473513082,1399.8282833737708,1502.0773810248427,1379.5414010694994,1495.1134261293494,1350.3399716496676,961.4590379403686
querosenedeaviacao,mt,Prophet,0.2375396740123484,63.63636363636363,25.15891981955295,1.0358925493965414,5370.063169704652,4556.536100612335,4456.554654764006,3759.492011785175,4224.275212575676,3987.140100527775,3666.0530108402504,4590.327963200284,4344.627047306579,5310.822557653172,5264.403212385373,3635.4903674123266
querosenedeaviacao,pa,Prophet,0.46359247537363085,90.9090909090909,-46.130911814643945,0.806053426603003,8141.578246122399,7143.506377769167,8002.060645777939,7968.731468471531,8880.120596332436,8922.696220054026,8431.982528704028,9494.406355228302,8733.545496703675,9968.60623926271,8647.691855671575,6652.021849362115
querosenedeaviacao,pb,Prophet,0.21155594678274892,63.63636363636363,22.9572376592957,0.8603399589885893,2893.255508606705,2722.9472528526694,2705.1323454622993,2796.9919972790203,3166.518821178504,2883.416376535955,2844.534610212617,3099.9890862538546,3003.9994698081873,3372.8625816855692,3481.688018703873,2743.772499071847
querosenedeaviacao,pe,Prophet,0.03708025464927341,100.0,-2.5413382439586027,0.31763706041125406,18817.96049417836,16661.246116693903,17267.14307809081,17113.507262119565,20394.338498058587,18315.958073233356,17407.530997448805,18663.326963375315,18428.90181458184,20764.135597445846,21680.377806569733,17303.77555158168
querosenedeaviacao,pi,Prophet,0.1315044668427929,81.81818181818181,2.290817147050784,0.7295663862985992,1545.8110400307278,1298.549397249691,1327.049528502443,1277.793834792444,1654.1466332568205,1452.0381866916034,1322.305669788843,1460.6188563891067,1486.7902031965775,1894.294114483633,1889.5008819288857,1339.3366272532926
querosenedeaviacao,pr,Prophet,0.1650397094916081,72.72727272727273,-4.460345483448353,0.3791967386865493,8885.996465007212,7203.414580605386,7573.017576165675,6585.8601378002295,8265.227949242955,8492.010737908195,7757.6130293888455,8873.299193137094,8455.639568283274,8097.750513472729,7890.872954152655,5781.190139844371
querosenedeaviacao,rj,Prophet,0.3546541137685327,81.81818181818181,35.98276889805588,1.3002067095197511,38401.733539910434,32812.83320938039,36292.645081082424,33019.77766785434,43540.02605431421,42164.283926966236,35676.99778995961,37421.38925503238,35535.05896106629,42476.52457162589,43227.460630658126,30471.851533623478
querosenedeaviacao,rn,Prophet,0.08536715978451587,81.81818181818181,-4.481311466122971,0.3777179302905081,5587.583905618249,4650.328376295347,4803.822347445878,4718.874198463564,6441.887616210326,5707.282694278179,5006.083726652291,5510.5812748650515,5930.937576311814,6115.246448444749,6723.260397942421,5011.848738774112
querosenedeaviacao,ro,Prophet,0.09320823480975553,81.81818181818181,6.222221187347371,0.6110615246085929,1127.928150292951,1028.5310093348205,1053.0862238752566,1049.5633724319841,1205.7975679486983,1148.8065288528653,1121.0856262364734,1178.3471039273913,1097.588328178498,1288.7149606821424,1282.125244508322,1024.610051657994
querosenedeaviacao,rr,Prophet,0.12533075339258284,9.090909090909092,-4.602579244391604,0.8758711728487424,735.1303152644489,742.5886006122762,735.1973901164938,729.3556852275609,735.0726643919353,747.6581179177432,759.673924749172,767.3676214402506,725.1995350020671,732.3143254505146,721.5483176547111,703.6451275926125
querosenedeaviacao,rs,Prophet,0.11377385179299604,72.72727272727273,-2.513785070755574,0.4467621379481938,10167.604560124304,8110.089124459086,8989.193304162225,7840.9576351661235,10420.249824674273,10406.937441896014,9890.77025847396,10856.20210876779,10913.140346816219,10438.365325673842,9067.247289318184,6278.087705281728
querosenedeaviacao,sc,Prophet,0.1877922117328228,81.81818181818181,18.58706201380689,0.6140490448230519,5024.857602691414,3889.907390407653,3778.1915905966216,3478.7100332043947,3876.958531862755,3775.003057937399,3574.799357063662,4261.24371944971,4123.69048681907,5373.710395409327,7173.727997572581,5582.140208897708
querosenedeaviacao,se,Prophet,0.20514825536773915,81.81818181818181,-7.579342572315727,0.5895913271234785,1386.1391932919203,1163.5564766093883,1359.631025438229,1310.5001212069708,1564.3603347031697,1344.9295888270021,1275.5874738534385,1455.0251823649514,1472.7734344305059,1615.738168226005,1769.0263620939897,1280.8464664499272
querosenedeaviacao,sp,Prophet,0.231391933740402,90.9090909090909,23.19884084891121,0.8670763552966456,256313.62912475617,221901.87532176403,241893.48264747215,221689.08672429933,268787.16746724956,244317.83831585874,229005.6864436867,251071.94533606042,240976.8113869832,272235.5588977064,272828.49568966334,205602.10104010152
querosenedeaviacao,to,Prophet,0.16785340668731816,54.54545454545455,3.8853723775419997,0.8534640124097559,808.0680845038917,761.1011181500011,750.8441415544668,731.6889905551975,823.6006209373804,784.5477115534001,786.3863859860412,841.9509932158622,841.2388051524009,914.0804639728766,803.7588751411241,709.9086269763025
queroseneiluminante,ac,Prophet,0.0,0.0,0.0,nan,0.0,0.0,0.0,0.0,0.0,0.0,0.0,0.0,0.0,0.0,0.0,0.0
queroseneiluminante,al,Prophet,0.0,0.0,0.0,nan,0.0,0.0,0.0,0.0,0.0,0.0,0.0,0.0,0.0,0.0,0.0,0.0
queroseneiluminante,am,Prophet,0.0,0.0,0.0,nan,0.0,0.0,0.0,0.0,0.0,0.0,0.0,0.0,0.0,0.0,0.0,0.0
queroseneiluminante,ap,Prophet,0.0,0.0,0.0,nan,0.0,0.0,0.0,0.0,0.0,0.0,0.0,0.0,0.0,0.0,0.0,0.0
queroseneiluminante,ba,Prophet,0.34500257046877797,27.272727272727273,35.9364501777423,0.6411317129055618,271.9476938449438,202.8452504081346,245.08988583990808,309.30682133817845,242.32613927774483,321.8253480144501,252.7439094108381,278.94851394881795,248.74987624557338,286.9866385931673,304.4552838045077,263.57755031552335
queroseneiluminante,ce,Prophet,0.0,0.0,0.0,nan,0.0,0.0,0.0,0.0,0.0,0.0,0.0,0.0,0.0,0.0,0.0,0.0
queroseneiluminante,df,Prophet,0.0,0.0,0.0,nan,0.0,0.0,0.0,0.0,0.0,0.0,0.0,0.0,0.0,0.0,0.0,0.0
queroseneiluminante,es,Prophet,5262521674507129.0,9.090909090909092,-55.49468192011119,1.1017900856325196,1.8470793961275072,1.0031736682184618,0.735827167500915,1.428503357764076,0.7438407227672035,1.3914895009425048,0.8664948468419684,1.8197280944533947,1.329680026366435,1.5471425390575848,1.3092152334641418,1.5272936385069245
queroseneiluminante,go,Prophet,0.0,0.0,0.0,nan,0.0,0.0,0.0,0.0,0.0,0.0,0.0,0.0,0.0,0.0,0.0,0.0
queroseneiluminante,ma,Prophet,0.0,0.0,0.0,nan,0.0,0.0,0.0,0.0,0.0,0.0,0.0,0.0,0.0,0.0,0.0,0.0
queroseneiluminante,mg,Prophet,2.0624311258425814,81.81818181818181,-197.78228122483222,0.9590422452861253,158.84251741171394,143.3119641624772,159.28067866541963,138.942578013987,147.00098015456928,158.05496639747307,147.4806712032678,150.84150334946278,150.1591613139263,124.91939108982525,156.30619891365885,133.68613979972227
queroseneiluminante,ms,Prophet,0.0,0.0,0.0,nan,0.0,0.0,0.0,0.0,0.0,0.0,0.0,0.0,0.0,0.0,0.0,0.0
queroseneiluminante,mt,Prophet,0.0,0.0,0.0,nan,0.0,0.0,0.0,0.0,0.0,0.0,0.0,0.0,0.0,0.0,0.0,0.0
queroseneiluminante,pa,Prophet,0.0,0.0,0.0,nan,0.0,0.0,0.0,0.0,0.0,0.0,0.0,0.0,0.0,0.0,0.0,0.0
queroseneiluminante,pb,Prophet,0.0,0.0,0.0,nan,0.0,0.0,0.0,0.0,0.0,0.0,0.0,0.0,0.0,0.0,0.0,0.0
queroseneiluminante,pe,Prophet,0.0,0.0,0.0,nan,0.0,0.0,0.0,0.0,0.0,0.0,0.0,0.0,0.0,0.0,0.0,0.0
queroseneiluminante,pi,Prophet,0.0,0.0,0.0,nan,0.0,0.0,0.0,0.0,0.0,0.0,0.0,0.0,0.0,0.0,0.0,0.0
queroseneiluminante,pr,Prophet,2382855492621955.0,63.63636363636363,-41.56144625823022,0.5730182174328448,8.060043851515868,6.2401212151262335,7.4505940814324125,6.587727620149492,7.564950193498397,7.8811177850369285,8.110185630628589,8.14916000647495,7.160245756725576,6.3492024774321925,7.220424337445433,8.409938187218968
queroseneiluminante,rj,Prophet,3650428415029062.5,27.272727272727273,-118.61610483865934,0.4376044253119647,0.9438711764922476,0.7591529372594135,1.2206379800125045,0.2369107426298842,0.8449553112889958,0.5645465700137979,0.717354505052151,0.8764295860154476,1.3681757749965366,1.728965146900455,2.5648415524415724,1.2911250072165543
queroseneiluminante,rn,Prophet,1229241674738130.0,0.0,-2.30017455124092e+22,0.28235842968063296,0.2740480732786269,-0.02356498682604724,-0.1703430688304064,0.5518471126357566,0.1427159591225885,0.7033057253655743,-0.05629800300645815,-0.23738555786430005,0.14392131762743932,0.05586641404825221,0.5261535380937619,0.38990802759613197
queroseneiluminante,ro,Prophet,0.0,0.0,0.0,nan,0.0,0.0,0.0,0.0,0.0,0.0,0.0,0.0,0.0,0.0,0.0,0.0
queroseneiluminante,rr,Prophet,0.0,0.0,0.0,nan,0.0,0.0,0.0,0.0,0.0,0.0,0.0,0.0,0.0,0.0,0.0,0.0
queroseneiluminante,rs,Prophet,0.3690109773945744,63.63636363636363,-1.572265504474074,0.9562624576255903,44.221638879822436,35.97630993389079,46.25399658687314,44.043841327794254,48.08734185502256,45.87347086875683,36.49434451604612,41.35793144702878,41.94212366623016,36.14917189849344,39.710914278875514,35.56157040299945
queroseneiluminante,sc,Prophet,0.47917775871051865,45.45454545454545,-19.565150416324617,0.49558248872144056,60.696984395699005,60.926670534639676,72.53964371465234,64.83397782934736,73.20127465859187,67.36852311965508,60.68258647400616,59.981382883289434,59.31232445624077,49.1691875046226,58.552942290503225,60.016692240781325
queroseneiluminante,se,Prophet,0.0,0.0,0.0,nan,0.0,0.0,0.0,0.0,0.0,0.0,0.0,0.0,0.0,0.0,0.0,0.0
queroseneiluminante,sp,Prophet,3.0777131312011972e+16,18.181818181818183,-385.55268684646694,0.7335493186845885,8.159719399957842,7.383734849934435,9.176042502725283,7.481854839150732,7.103547954518808,9.571869357039459,9.97015269542364,9.648792197522226,7.6219309753245295,6.1892861384711315,7.923028235198485,6.880578224026805
queroseneiluminante,to,Prophet,0.0,0.0,0.0,nan,0.0,0.0,0.0,0.0,0.0,0.0,0.0,0.0,0.0,0.0,0.0,0.0
